First Last,First,Last,Company,Domain
John Lee,John,Lee,Rhea Footwear,www.rheafootwear.com
Ken Alterman,Ken,Alterman,"Looptworks, LLC",www.looptworks.com
Anthony Dominic Castillo,Anthony,Castillo,Diamond Supply Co.,www.diamondsupplyco.com
James Minney,James,Minney,People Tree,www.peopletree.co.uk
Court Stockton,Court,Stockton,H. Stockton,www.hstockton.com
Monica Leonard,Monica,Leonard,Molly's Suds,www.mollyssuds.com
Eric Binder,Eric,Binder,Spongelle,www.spongelle.com
Stuart Pollack,Stuart,Pollack,"Bernardo Fashions, LLC",www.bernardofashions.com
Andrey Bogdanov,Andrey,Bogdanov,"Cmple.com, Inc",www.cmple.com
Dan Robbins,Dan,Robbins,The Black Art Depot,www.blackartdepot.com
Mark Tonkelowitz,Mark,Tonkelowitz,Maison Miru,www.maisonmiru.com
Thilo Haas,Thilo,Haas,Connox GmbH,www.connox.de
Terry Culbertson,Terry,Culbertson,Saddleback Leather Co.,www.saddlebackleather.com
John Swatek,John,Swatek,"HomeClick, LLC",www.homeclick.com
Thomas Anhorn,Thomas,Anhorn,Swim Tether,www.swimtether.com
Randy Porch,Randy,Porch,Angelina,www.shopangelina.com
Matt Griffin,Matt,Griffin,"Combat Flip Flops, Llc",www.combatflipflops.com
Kathy Kipriotis,Kathy,Kipriotis,The Tot Baby Corporation,www.thetot.com
Michelle Rickard,Michelle,Rickard,"Monica & Andy, Inc.",www.monicaandandy.com
Heloise Oton,,,Calabar Imports,www.calabar-imports.com
